{"__symbolic":"module","version":4,"metadata":{"AlertComponent":{"__symbolic":"class","decorators":[{"__symbolic":"call","expression":{"__symbolic":"reference","module":"@angular/core","name":"Component","line":12,"character":1},"arguments":[{"selector":"alert,bs-alert","changeDetection":{"__symbolic":"select","expression":{"__symbolic":"reference","module":"@angular/core","name":"ChangeDetectionStrategy","line":15,"character":19},"member":"OnPush"},"template":"<ng-template [ngIf]=\"isOpen\">\n  <div [class]=\"'alert alert-' + type\" role=\"alert\" [ngClass]=\"classes\">\n    <ng-template [ngIf]=\"dismissible\">\n      <button type=\"button\" class=\"close\" aria-label=\"Close\" (click)=\"close()\">\n        <span aria-hidden=\"true\">&times;</span>\n        <span class=\"sr-only\">Close</span>\n      </button>\n    </ng-template>\n    <ng-content></ng-content>\n  </div>\n</ng-template>\n"}]}],"members":{"type":[{"__symbolic":"property","decorators":[{"__symbolic":"call","expression":{"__symbolic":"reference","module":"@angular/core","name":"Input","line":22,"character":3}}]}],"dismissible":[{"__symbolic":"property","decorators":[{"__symbolic":"call","expression":{"__symbolic":"reference","module":"ngx-bootstrap/utils","name":"OnChange","line":24,"character":3}},{"__symbolic":"call","expression":{"__symbolic":"reference","module":"@angular/core","name":"Input","line":24,"character":17}}]}],"dismissOnTimeout":[{"__symbolic":"property","decorators":[{"__symbolic":"call","expression":{"__symbolic":"reference","module":"@angular/core","name":"Input","line":26,"character":3}}]}],"isOpen":[{"__symbolic":"property","decorators":[{"__symbolic":"call","expression":{"__symbolic":"reference","module":"@angular/core","name":"Input","line":29,"character":3}}]}],"onClose":[{"__symbolic":"property","decorators":[{"__symbolic":"call","expression":{"__symbolic":"reference","module":"@angular/core","name":"Output","line":34,"character":3}}]}],"onClosed":[{"__symbolic":"property","decorators":[{"__symbolic":"call","expression":{"__symbolic":"reference","module":"@angular/core","name":"Output","line":36,"character":3}}]}],"__ctor__":[{"__symbolic":"constructor","parameters":[{"__symbolic":"reference","name":"AlertConfig"},{"__symbolic":"reference","module":"@angular/core","name":"ChangeDetectorRef","line":42,"character":61}]}],"ngOnInit":[{"__symbolic":"method"}],"close":[{"__symbolic":"method"}]}},"AlertModule":{"__symbolic":"class","decorators":[{"__symbolic":"call","expression":{"__symbolic":"reference","module":"@angular/core","name":"NgModule","line":5,"character":1},"arguments":[{"imports":[{"__symbolic":"reference","module":"@angular/common","name":"CommonModule","line":6,"character":12}],"declarations":[{"__symbolic":"reference","name":"AlertComponent"}],"exports":[{"__symbolic":"reference","name":"AlertComponent"}],"entryComponents":[{"__symbolic":"reference","name":"AlertComponent"}]}]}],"members":{},"statics":{"forRoot":{"__symbolic":"function","parameters":[],"value":{"ngModule":{"__symbolic":"reference","name":"AlertModule"},"providers":[{"__symbolic":"reference","name":"AlertConfig"}]}}}},"AlertConfig":{"__symbolic":"class","decorators":[{"__symbolic":"call","expression":{"__symbolic":"reference","module":"@angular/core","name":"Injectable","line":2,"character":1}}],"members":{}}},"origins":{"AlertComponent":"./alert.component","AlertModule":"./alert.module","AlertConfig":"./alert.config"},"importAs":"ngx-bootstrap/alert"}