{"__symbolic":"module","version":4,"metadata":{"add":{"__symbolic":"function"},"subtract":{"__symbolic":"function"},"getDay":{"__symbolic":"function","parameters":["date","isUTC"],"defaults":[null,false],"value":{"__symbolic":"if","condition":{"__symbolic":"reference","name":"isUTC"},"thenExpression":{"__symbolic":"call","expression":{"__symbolic":"select","expression":{"__symbolic":"reference","name":"date"},"member":"getUTCDay"}},"elseExpression":{"__symbolic":"call","expression":{"__symbolic":"select","expression":{"__symbolic":"reference","name":"date"},"member":"getDay"}}}},"isFirstDayOfWeek":{"__symbolic":"function","parameters":["date","firstDayOfWeek"],"value":{"__symbolic":"binop","operator":"===","left":{"__symbolic":"call","expression":{"__symbolic":"select","expression":{"__symbolic":"reference","name":"date"},"member":"getDay"}},"right":{"__symbolic":"reference","name":"firstDayOfWeek"}}},"isSameYear":{"__symbolic":"function"},"isSameDay":{"__symbolic":"function"},"isSameMonth":{"__symbolic":"function"},"getFullYear":{"__symbolic":"function","parameters":["date","isUTC"],"defaults":[null,false],"value":{"__symbolic":"if","condition":{"__symbolic":"reference","name":"isUTC"},"thenExpression":{"__symbolic":"call","expression":{"__symbolic":"select","expression":{"__symbolic":"reference","name":"date"},"member":"getUTCFullYear"}},"elseExpression":{"__symbolic":"call","expression":{"__symbolic":"select","expression":{"__symbolic":"reference","name":"date"},"member":"getFullYear"}}}},"getFirstDayOfMonth":{"__symbolic":"function","parameters":["date"],"value":{"__symbolic":"call","expression":{"__symbolic":"reference","name":"ɵa"},"arguments":[{"__symbolic":"call","expression":{"__symbolic":"select","expression":{"__symbolic":"reference","name":"date"},"member":"getFullYear"}},{"__symbolic":"call","expression":{"__symbolic":"select","expression":{"__symbolic":"reference","name":"date"},"member":"getMonth"}},1,{"__symbolic":"call","expression":{"__symbolic":"select","expression":{"__symbolic":"reference","name":"date"},"member":"getHours"}},{"__symbolic":"call","expression":{"__symbolic":"select","expression":{"__symbolic":"reference","name":"date"},"member":"getMinutes"}},{"__symbolic":"call","expression":{"__symbolic":"select","expression":{"__symbolic":"reference","name":"date"},"member":"getSeconds"}}]}},"getMonth":{"__symbolic":"function","parameters":["date","isUTC"],"defaults":[null,false],"value":{"__symbolic":"if","condition":{"__symbolic":"reference","name":"isUTC"},"thenExpression":{"__symbolic":"call","expression":{"__symbolic":"select","expression":{"__symbolic":"reference","name":"date"},"member":"getUTCMonth"}},"elseExpression":{"__symbolic":"call","expression":{"__symbolic":"select","expression":{"__symbolic":"reference","name":"date"},"member":"getMonth"}}}},"parseDate":{"__symbolic":"function"},"formatDate":{"__symbolic":"function"},"listLocales":{"__symbolic":"function","parameters":[],"value":{"__symbolic":"call","expression":{"__symbolic":"select","expression":{"__symbolic":"reference","name":"Object"},"member":"keys"},"arguments":[{}]}},"getLocale":{"__symbolic":"function"},"updateLocale":{"__symbolic":"function"},"defineLocale":{"__symbolic":"function"},"getSetGlobalLocale":{"__symbolic":"function"},"LocaleData":{"__symbolic":"interface"},"isAfter":{"__symbolic":"function"},"isBefore":{"__symbolic":"function"},"isDisabledDay":{"__symbolic":"function"},"isSame":{"__symbolic":"function"},"isArray":{"__symbolic":"function","parameters":["input"],"value":{"__symbolic":"binop","operator":"||","left":{"__symbolic":"binop","operator":"instanceof","left":{"__symbolic":"reference","name":"input"},"right":{"__symbolic":"reference","name":"Array"}},"right":{"__symbolic":"binop","operator":"===","left":{"__symbolic":"call","expression":{"__symbolic":"select","expression":{"__symbolic":"select","expression":{"__symbolic":"select","expression":{"__symbolic":"reference","name":"Object"},"member":"prototype"},"member":"toString"},"member":"call"},"arguments":[{"__symbolic":"reference","name":"input"}]},"right":"[object Array]"}}},"isDateValid":{"__symbolic":"function","parameters":["date"],"value":{"__symbolic":"binop","operator":"&&","left":{"__symbolic":"binop","operator":"&&","left":{"__symbolic":"reference","name":"date"},"right":{"__symbolic":"select","expression":{"__symbolic":"reference","name":"date"},"member":"getTime"}},"right":{"__symbolic":"pre","operator":"!","operand":{"__symbolic":"call","expression":{"__symbolic":"reference","name":"isNaN"},"arguments":[{"__symbolic":"call","expression":{"__symbolic":"select","expression":{"__symbolic":"reference","name":"date"},"member":"getTime"}}]}}}},"isDate":{"__symbolic":"function","parameters":["value"],"value":{"__symbolic":"binop","operator":"||","left":{"__symbolic":"binop","operator":"instanceof","left":{"__symbolic":"reference","name":"value"},"right":{"__symbolic":"reference","name":"Date"}},"right":{"__symbolic":"binop","operator":"===","left":{"__symbolic":"call","expression":{"__symbolic":"select","expression":{"__symbolic":"select","expression":{"__symbolic":"select","expression":{"__symbolic":"reference","name":"Object"},"member":"prototype"},"member":"toString"},"member":"call"},"arguments":[{"__symbolic":"reference","name":"value"}]},"right":"[object Date]"}}},"shiftDate":{"__symbolic":"function"},"setFullDate":{"__symbolic":"function","parameters":["date","unit"],"value":{"__symbolic":"call","expression":{"__symbolic":"reference","name":"ɵa"},"arguments":[{"__symbolic":"error","message":"Reference to a non-exported function","line":47,"character":9,"context":{"name":"getNum"},"module":"./utils/date-setters"},{"__symbolic":"error","message":"Reference to a non-exported function","line":47,"character":9,"context":{"name":"getNum"},"module":"./utils/date-setters"},{"__symbolic":"error","message":"Reference to a non-exported function","line":47,"character":9,"context":{"name":"getNum"},"module":"./utils/date-setters"},{"__symbolic":"error","message":"Reference to a non-exported function","line":47,"character":9,"context":{"name":"getNum"},"module":"./utils/date-setters"},{"__symbolic":"error","message":"Reference to a non-exported function","line":47,"character":9,"context":{"name":"getNum"},"module":"./utils/date-setters"},{"__symbolic":"error","message":"Reference to a non-exported function","line":47,"character":9,"context":{"name":"getNum"},"module":"./utils/date-setters"},{"__symbolic":"error","message":"Reference to a non-exported function","line":47,"character":9,"context":{"name":"getNum"},"module":"./utils/date-setters"}]}},"endOf":{"__symbolic":"function"},"startOf":{"__symbolic":"function"},"TimeUnit":{"__symbolic":"interface"},"arLocale":{"__symbolic":"error","message":"Expression form not supported","line":87,"character":17,"module":"./i18n/ar"},"bgLocale":{"__symbolic":"error","message":"Lambda not supported","line":36,"character":14,"module":"./i18n/bg"},"caLocale":{"__symbolic":"error","message":"Reference to a local symbol","line":16,"character":4,"context":{"name":"monthsRegex"},"module":"./i18n/ca"},"csLocale":{"__symbolic":"error","message":"Lambda not supported","line":84,"character":16,"module":"./i18n/cs"},"daLocale":{"__symbolic":"error","message":"Expression form not supported","line":46,"character":26,"module":"./i18n/da"},"deLocale":{"__symbolic":"error","message":"Reference to a non-exported function","line":14,"character":9,"context":{"name":"processRelativeTime"},"module":"./i18n/de"},"enGbLocale":{"__symbolic":"error","message":"Expression form not supported","line":50,"character":26,"module":"./i18n/en-gb"},"esDoLocale":{"__symbolic":"error","message":"Reference to a local symbol","line":15,"character":4,"context":{"name":"monthsRegex"},"module":"./i18n/es-do"},"esLocale":{"__symbolic":"error","message":"Reference to a local symbol","line":16,"character":4,"context":{"name":"monthsRegex"},"module":"./i18n/es"},"esUsLocale":{"__symbolic":"error","message":"Expression form not supported","line":74,"character":26,"module":"./i18n/es-us"},"etLocale":{"__symbolic":"error","message":"Reference to a local symbol","line":11,"character":6,"context":{"name":"processRelativeTime"},"module":"./i18n/et"},"fiLocale":{"__symbolic":"error","message":"Reference to a non-exported function","line":16,"character":9,"context":{"name":"translate"},"module":"./i18n/fi"},"frLocale":{"__symbolic":"error","message":"Expression form not supported","line":52,"character":26,"module":"./i18n/fr"},"glLocale":{"__symbolic":"error","message":"Reference to a local symbol","line":16,"character":4,"context":{"name":"monthsRegex"},"module":"./i18n/gl"},"heLocale":{"__symbolic":"error","message":"Expression form not supported","line":78,"character":17,"module":"./i18n/he"},"hiLocale":{"__symbolic":"error","message":"Expression form not supported","line":89,"character":17,"module":"./i18n/hi"},"huLocale":{"__symbolic":"error","message":"Expression form not supported","line":61,"character":17,"module":"./i18n/hu"},"idLocale":{"__symbolic":"error","message":"Expression form not supported","line":28,"character":17,"module":"./i18n/id"},"itLocale":{"__symbolic":"error","message":"Expression form not supported","line":61,"character":26,"module":"./i18n/it"},"jaLocale":{"__symbolic":"error","message":"Expression form not supported","line":30,"character":17,"module":"./i18n/ja"},"koLocale":{"__symbolic":"error","message":"Expression form not supported","line":56,"character":27,"module":"./i18n/ko"},"ltLocale":{"__symbolic":"error","message":"Expression form not supported","line":60,"character":14,"module":"./i18n/lt"},"mnLocale":{"__symbolic":"error","message":"Expression form not supported","line":55,"character":17,"module":"./i18n/mn"},"nbLocale":{"__symbolic":"error","message":"Expression form not supported","line":49,"character":26,"module":"./i18n/nb"},"nlBeLocale":{"__symbolic":"error","message":"Reference to a local symbol","line":17,"character":4,"context":{"name":"monthsRegex"},"module":"./i18n/nl-be"},"nlLocale":{"__symbolic":"error","message":"Reference to a local symbol","line":17,"character":4,"context":{"name":"monthsRegex"},"module":"./i18n/nl"},"plLocale":{"__symbolic":"error","message":"Reference to a non-exported function","line":20,"character":9,"context":{"name":"translate"},"module":"./i18n/pl"},"ptBrLocale":{"__symbolic":"error","message":"Expression form not supported","line":56,"character":26,"module":"./i18n/pt-br"},"roLocale":{"__symbolic":"error","message":"Reference to a non-exported function","line":12,"character":9,"context":{"name":"relativeTimeWithPlural"},"module":"./i18n/ro"},"ruLocale":{"__symbolic":"error","message":"Expression form not supported","line":54,"character":14,"module":"./i18n/ru"},"skLocale":{"__symbolic":"error","message":"Reference to a non-exported function","line":19,"character":9,"context":{"name":"translate"},"module":"./i18n/sk"},"slLocale":{"__symbolic":"error","message":"Reference to a non-exported function","line":13,"character":9,"context":{"name":"processRelativeTime"},"module":"./i18n/sl"},"svLocale":{"__symbolic":"error","message":"Expression form not supported","line":52,"character":26,"module":"./i18n/sv"},"thLocale":{"__symbolic":"error","message":"Expression form not supported","line":28,"character":17,"module":"./i18n/th"},"trLocale":{"__symbolic":"error","message":"Expression form not supported","line":72,"character":26,"module":"./i18n/tr"},"viLocale":{"__symbolic":"error","message":"Expression form not supported","line":20,"character":17,"module":"./i18n/vi"},"zhCnLocale":{"__symbolic":"error","message":"Expression form not supported","line":32,"character":17,"module":"./i18n/zh-cn"},"ɵa":{"__symbolic":"function"}},"origins":{"add":"./moment/add-subtract","subtract":"./moment/add-subtract","getDay":"./utils/date-getters","isFirstDayOfWeek":"./utils/date-getters","isSameYear":"./utils/date-getters","isSameDay":"./utils/date-getters","isSameMonth":"./utils/date-getters","getFullYear":"./utils/date-getters","getFirstDayOfMonth":"./utils/date-getters","getMonth":"./utils/date-getters","parseDate":"./create/local","formatDate":"./format","listLocales":"./locale/locales","getLocale":"./locale/locales","updateLocale":"./locale/locales","defineLocale":"./locale/locales","getSetGlobalLocale":"./locale/locales","LocaleData":"./locale/locale.class","isAfter":"./utils/date-compare","isBefore":"./utils/date-compare","isDisabledDay":"./utils/date-compare","isSame":"./utils/date-compare","isArray":"./utils/type-checks","isDateValid":"./utils/type-checks","isDate":"./utils/type-checks","shiftDate":"./utils/date-setters","setFullDate":"./utils/date-setters","endOf":"./utils/start-end-of","startOf":"./utils/start-end-of","TimeUnit":"./types","arLocale":"./i18n/ar","bgLocale":"./i18n/bg","caLocale":"./i18n/ca","csLocale":"./i18n/cs","daLocale":"./i18n/da","deLocale":"./i18n/de","enGbLocale":"./i18n/en-gb","esDoLocale":"./i18n/es-do","esLocale":"./i18n/es","esUsLocale":"./i18n/es-us","etLocale":"./i18n/et","fiLocale":"./i18n/fi","frLocale":"./i18n/fr","glLocale":"./i18n/gl","heLocale":"./i18n/he","hiLocale":"./i18n/hi","huLocale":"./i18n/hu","idLocale":"./i18n/id","itLocale":"./i18n/it","jaLocale":"./i18n/ja","koLocale":"./i18n/ko","ltLocale":"./i18n/lt","mnLocale":"./i18n/mn","nbLocale":"./i18n/nb","nlBeLocale":"./i18n/nl-be","nlLocale":"./i18n/nl","plLocale":"./i18n/pl","ptBrLocale":"./i18n/pt-br","roLocale":"./i18n/ro","ruLocale":"./i18n/ru","skLocale":"./i18n/sk","slLocale":"./i18n/sl","svLocale":"./i18n/sv","thLocale":"./i18n/th","trLocale":"./i18n/tr","viLocale":"./i18n/vi","zhCnLocale":"./i18n/zh-cn","ɵa":"./create/date-from-array"},"importAs":"ngx-bootstrap/chronos"}