{"__symbolic":"module","version":4,"metadata":{"CarouselComponent":{"__symbolic":"class","decorators":[{"__symbolic":"call","expression":{"__symbolic":"reference","module":"@angular/core","name":"Component","line":37,"character":1},"arguments":[{"selector":"carousel","template":"<div (mouseenter)=\"pause()\" (mouseleave)=\"onMouseLeave()\" (mouseup)=\"onMouseUp()\" class=\"carousel slide\" (keydown)=\"keydownPress($event)\" (focusin)=\"pauseFocusIn()\" (focusout)=\"pauseFocusOut()\" tabindex=\"0\">\n  <ol class=\"carousel-indicators\" *ngIf=\"showIndicators && slides.length > 1\">\n    <li *ngFor=\"let slidez of indicatorsSlides(); let i = index;\" [class.active]=\"slidez.active === true\" (click)=\"selectSlide(i)\"></li>\n  </ol>\n  <div class=\"carousel-inner\" [ngStyle]=\"{'display': multilist ? 'flex' : 'block'}\"><ng-content></ng-content></div>\n  <a class=\"left carousel-control carousel-control-prev\" [class.disabled]=\"activeSlide === 0 && noWrap\" (click)=\"previousSlide()\" *ngIf=\"slides.length > 1\"\n      tabindex=\"0\" role=\"button\">\n    <span class=\"icon-prev carousel-control-prev-icon\" aria-hidden=\"true\"></span>\n    <span *ngIf=\"isBs4\" class=\"sr-only\">Previous</span>\n  </a>\n  <a class=\"right carousel-control carousel-control-next\" (click)=\"nextSlide()\" [class.disabled]=\"isLast(activeSlide) && noWrap\" *ngIf=\"slides.length > 1\"\n     tabindex=\"0\" role=\"button\">\n    <span class=\"icon-next carousel-control-next-icon\" aria-hidden=\"true\"></span>\n    <span class=\"sr-only\">Next</span>\n  </a>\n</div>\n"}]}],"members":{"noWrap":[{"__symbolic":"property","decorators":[{"__symbolic":"call","expression":{"__symbolic":"reference","module":"@angular/core","name":"Input","line":43,"character":3}}]}],"noPause":[{"__symbolic":"property","decorators":[{"__symbolic":"call","expression":{"__symbolic":"reference","module":"@angular/core","name":"Input","line":45,"character":3}}]}],"showIndicators":[{"__symbolic":"property","decorators":[{"__symbolic":"call","expression":{"__symbolic":"reference","module":"@angular/core","name":"Input","line":47,"character":3}}]}],"pauseOnFocus":[{"__symbolic":"property","decorators":[{"__symbolic":"call","expression":{"__symbolic":"reference","module":"@angular/core","name":"Input","line":49,"character":3}}]}],"indicatorsByChunk":[{"__symbolic":"property","decorators":[{"__symbolic":"call","expression":{"__symbolic":"reference","module":"@angular/core","name":"Input","line":52,"character":3}}]}],"itemsPerSlide":[{"__symbolic":"property","decorators":[{"__symbolic":"call","expression":{"__symbolic":"reference","module":"@angular/core","name":"Input","line":54,"character":3}}]}],"singleSlideOffset":[{"__symbolic":"property","decorators":[{"__symbolic":"call","expression":{"__symbolic":"reference","module":"@angular/core","name":"Input","line":57,"character":3}}]}],"activeSlideChange":[{"__symbolic":"property","decorators":[{"__symbolic":"call","expression":{"__symbolic":"reference","module":"@angular/core","name":"Output","line":60,"character":3}}]}],"slideRangeChange":[{"__symbolic":"property","decorators":[{"__symbolic":"call","expression":{"__symbolic":"reference","module":"@angular/core","name":"Output","line":64,"character":3}}]}],"activeSlide":[{"__symbolic":"property","decorators":[{"__symbolic":"call","expression":{"__symbolic":"reference","module":"@angular/core","name":"Input","line":68,"character":3}}]}],"startFromIndex":[{"__symbolic":"property","decorators":[{"__symbolic":"call","expression":{"__symbolic":"reference","module":"@angular/core","name":"Input","line":83,"character":3}}]}],"interval":[{"__symbolic":"property","decorators":[{"__symbolic":"call","expression":{"__symbolic":"reference","module":"@angular/core","name":"Input","line":90,"character":3}}]}],"__ctor__":[{"__symbolic":"constructor","parameters":[{"__symbolic":"reference","name":"CarouselConfig"},{"__symbolic":"reference","module":"@angular/core","name":"NgZone","line":119,"character":54}]}],"ngAfterViewInit":[{"__symbolic":"method"}],"ngOnDestroy":[{"__symbolic":"method"}],"addSlide":[{"__symbolic":"method"}],"removeSlide":[{"__symbolic":"method"}],"nextSlideFromInterval":[{"__symbolic":"method"}],"nextSlide":[{"__symbolic":"method"}],"previousSlide":[{"__symbolic":"method"}],"getFirstVisibleIndex":[{"__symbolic":"method"}],"getLastVisibleIndex":[{"__symbolic":"method"}],"move":[{"__symbolic":"method"}],"keydownPress":[{"__symbolic":"method"}],"onMouseLeave":[{"__symbolic":"method"}],"onMouseUp":[{"__symbolic":"method"}],"pauseFocusIn":[{"__symbolic":"method"}],"pauseFocusOut":[{"__symbolic":"method"}],"selectSlide":[{"__symbolic":"method"}],"play":[{"__symbolic":"method"}],"pause":[{"__symbolic":"method"}],"getCurrentSlideIndex":[{"__symbolic":"method"}],"isLast":[{"__symbolic":"method"}],"isFirst":[{"__symbolic":"method"}],"indicatorsSlides":[{"__symbolic":"method"}],"selectInitialSlides":[{"__symbolic":"method"}],"findNextSlideIndex":[{"__symbolic":"method"}],"mapSlidesAndIndexes":[{"__symbolic":"method"}],"selectSlideRange":[{"__symbolic":"method"}],"selectRangeByNestedIndex":[{"__symbolic":"method"}],"isIndexOnTheEdges":[{"__symbolic":"method"}],"isIndexInRange":[{"__symbolic":"method"}],"hideSlides":[{"__symbolic":"method"}],"isVisibleSlideListLast":[{"__symbolic":"method"}],"isVisibleSlideListFirst":[{"__symbolic":"method"}],"moveSliderByOneItem":[{"__symbolic":"method"}],"moveMultilist":[{"__symbolic":"method"}],"getVisibleIndexes":[{"__symbolic":"method"}],"_select":[{"__symbolic":"method"}],"restartTimer":[{"__symbolic":"method"}],"resetTimer":[{"__symbolic":"method"}]}},"CarouselModule":{"__symbolic":"class","decorators":[{"__symbolic":"call","expression":{"__symbolic":"reference","module":"@angular/core","name":"NgModule","line":7,"character":1},"arguments":[{"imports":[{"__symbolic":"reference","module":"@angular/common","name":"CommonModule","line":8,"character":12}],"declarations":[{"__symbolic":"reference","name":"SlideComponent"},{"__symbolic":"reference","name":"CarouselComponent"}],"exports":[{"__symbolic":"reference","name":"SlideComponent"},{"__symbolic":"reference","name":"CarouselComponent"}],"providers":[{"__symbolic":"reference","name":"CarouselConfig"}]}]}],"members":{},"statics":{"forRoot":{"__symbolic":"function","parameters":[],"value":{"ngModule":{"__symbolic":"reference","name":"CarouselModule"},"providers":[]}}}},"SlideComponent":{"__symbolic":"class","decorators":[{"__symbolic":"call","expression":{"__symbolic":"reference","module":"@angular/core","name":"Component","line":10,"character":1},"arguments":[{"selector":"slide","template":"\n    <div [class.active]=\"active\" class=\"item\">\n      <ng-content></ng-content>\n    </div>\n  ","host":{"[attr.aria-hidden]":"!active","$quoted$":["[attr.aria-hidden]"]}}]}],"members":{"active":[{"__symbolic":"property","decorators":[{"__symbolic":"call","expression":{"__symbolic":"reference","module":"@angular/core","name":"HostBinding","line":23,"character":3},"arguments":["class.active"]},{"__symbolic":"call","expression":{"__symbolic":"reference","module":"@angular/core","name":"Input","line":24,"character":3}}]}],"itemWidth":[{"__symbolic":"property","decorators":[{"__symbolic":"call","expression":{"__symbolic":"reference","module":"@angular/core","name":"HostBinding","line":27,"character":3},"arguments":["style.width"]}]}],"order":[{"__symbolic":"property","decorators":[{"__symbolic":"call","expression":{"__symbolic":"reference","module":"@angular/core","name":"HostBinding","line":28,"character":3},"arguments":["style.order"]}]}],"addClass":[{"__symbolic":"property","decorators":[{"__symbolic":"call","expression":{"__symbolic":"reference","module":"@angular/core","name":"HostBinding","line":31,"character":3},"arguments":["class.item"]},{"__symbolic":"call","expression":{"__symbolic":"reference","module":"@angular/core","name":"HostBinding","line":32,"character":3},"arguments":["class.carousel-item"]}]}],"__ctor__":[{"__symbolic":"constructor","parameters":[{"__symbolic":"reference","name":"CarouselComponent"}]}],"ngOnInit":[{"__symbolic":"method"}],"ngOnDestroy":[{"__symbolic":"method"}]}},"CarouselConfig":{"__symbolic":"class","decorators":[{"__symbolic":"call","expression":{"__symbolic":"reference","module":"@angular/core","name":"Injectable","line":2,"character":1}}],"members":{}}},"origins":{"CarouselComponent":"./carousel.component","CarouselModule":"./carousel.module","SlideComponent":"./slide.component","CarouselConfig":"./carousel.config"},"importAs":"ngx-bootstrap/carousel"}